insert into users values
(001, 'John_Doe', 9876543210, 'johndoe@gmail.com', 'ABCD1234EF', 4187853975956321, '2004-02-15'),
(002, 'Alice_Smith', 8765432109, 'alicesmith@gmail.com', 'EFGH5678IJ', 8774231087642053, '2003-09-20'),
(003, 'Bob_Johnson', 7654321098, 'bobjohnson@gmail.com', 'IJKL9012MN', 2137596843025768, '2004-11-03'),
(004, 'Emily_Davis', 6543210987, 'emilydavis@gmail.com', 'MNOP3456QR', 6975138240578931, '2002-07-18'),
(005, 'Michael_Brown', 5432109876, 'michaelbrown@gmail.com', 'QRSTUVWXYZ7890UV', 3289147659876345, '2003-04-27'),
(006, 'Jennifer_Wilson', 4321098765, 'jenniferwilson@gmail.com', 'UVWX1234YZ', 5462109785340217, '2001-12-05'),
(007, 'David_Martinez', 3210987654, 'davidmartinez@gmail.com', 'YZAB5678CD', 8973451206594872, '2000-10-30'),
(008, 'Sarah_Taylor', 2109876543, 'sarahtaylor@gmail.com', 'CDEF9012GH', 1236987543021765, '2004-08-09'),
(009, 'Samantha_Anderson', 1098765432, 'samanthaanderson@gmail.com', 'GHIJ2345KL', 3456210987543201, '2002-03-14'),
(010, 'Christopher_Thomas', 9876543210, 'christopherthomas@gmail.com', 'KLMN6789OP', 9876543201765432, '2003-07-22'),
(011, 'Jessica_Garcia', 8765432109, 'jessicagarcia@gmail.com', 'OPQR7890ST', 2356874120538697, '2004-01-18'),
(012, 'Matthew_Hernandez', 7654321098, 'matthewhernandez@gmail.com', 'STUV9012WX', 8765432190876543, '2001-11-05'),
(013, 'Amanda_Martinez', 6543210987, 'amandamartinez@gmail.com', 'WXYZ3456AB', 6798123450287641, '2000-09-29'),
(014, 'James_Rodriguez', 5432109876, 'jamesrodriguez@gmail.com', 'DEFG5678CD', 1098273465210987, '2003-03-12'),
(015, 'Ashley_Wilson', 4321098765, 'ashleywilson@gmail.com', 'BCDE9012EF', 9087123456789012, '2002-08-24'),
(016, 'Daniel_Lee', 3210987654, 'daniellee@gmail.com', 'FGHI1234GH', 7890123456789021, '2001-04-07'),
(017, 'Elizabeth_Brown', 2109876543, 'elizabethbrown@gmail.com', 'HIJK5678IJ', 3210987654321098, '2000-12-15'),
(018, 'Kevin_Clark', 1098765432, 'kevinclark@gmail.com', 'LMNO2345MN', 9876543220987654, '2004-05-30'),
(019, 'Olivia_Scott', 9876543210, 'oliviascott@gmail.com', 'NOPQ6789OP', 5432109876543210, '2003-02-03'),
(020, 'Ryan_Lewis', 8765432109, 'ryanlewis@gmail.com', 'QRST7890QR', 8765432109876543, '2001-09-12'),
(021, 'Lauren_Walker', 7654321098, 'laurenwalker@gmail.com', 'STUV9012ST', 4321098765432109, '2000-07-26'),
(022, 'Benjamin_Young', 6543210987, 'benjaminyoung@gmail.com', 'UVWX3456UV', 6543210987654321, '2004-11-08'),
(023, 'Grace_Hernandez', 5432109876, 'gracehernandez@gmail.com', 'YZAB5678YZ', 9876543210987654, '2003-04-15'),
(024, 'Samuel_Perez', 4321098765, 'samuelperez@gmail.com', 'CDEF6789CD', 3456789012345678, '2002-01-22'),
(025, 'Natalie_King', 3210987654, 'natalieking@gmail.com', 'GHIJ1234GH', 5678901234567890, '2001-06-19'),
(026, 'Brandon_Wright', 2109876543, 'brandonwright@gmail.com', 'KLMN5678KL', 9012345678901234, '2000-10-28'),
(027, 'Anna_Scott', 1098765432, 'annascott@gmail.com', 'OPQR9012OP', 1234567890123456, '2004-03-04'),
(028, 'Timothy_Hall', 9876543210, 'timothyhall@gmail.com', 'STUV6789ST', 2345678901234567, '2003-08-07'),
(029, 'Victoria_Green', 8765432109, 'victoriagreen@gmail.com', 'WXYZ1234WX', 4567890123456789, '2001-05-10'),
(030, 'Nicholas_Adams', 7654321098, 'nicholasadams@gmail.com', 'BCDE5678BC', 8901234567890123, '2000-02-13');


===============================================================================================================================


INSERT INTO login(login_id, login_password) VALUES
('001', 'ABCD1234EF'),
('002', 'EFGH5678IJ'),
('003', 'IJKL9012MN'),
('004', 'MNOP3456QR'),
('005', 'QRSTUV890YZ'),
('006', 'UVWX1234YZ'),
('007', 'YZAB5678CD'),
('008', 'CDEF9012GH'),
('009', 'GHIJ2345KL'),
('010', 'KLMN6789OP'),
('011', 'OPQR7890ST'),
('012', 'STUV9012WX'),
('013', 'WXYZ3456AB'),
('014', 'DEFG5678CD'),
('015', 'BCDE9012EF'),
('016', 'FGHI1234GH'),
('017', 'HIJK5678IJ'),
('018', 'LMNO2345MN'),
('019', 'NOPQ6789OP'),
('020', 'QRSTUV789QR'),
('021', 'STUV9012ST'),
('022', 'UVWX3456UV'),
('023', 'YZAB5678YZ'),
('024', 'CDEF6789CD'),
('025', 'GHIJ1234GH'),
('026', 'KLMN5678KL'),
('027', 'OPQR9012OP'),
('028', 'STUV6789ST'),
('029', 'WXYZ1234WX'),
('030', 'BCDE5678BC');


=========================================================================================================


INSERT INTO stock_indices (index_symbol, index_name) VALUES
('NIFTY50', 'Nifty 50'),
('SENSEX', 'BSE Sensex'),
('NIFTYIT', 'Nifty IT'),
('NIFTYBANK', 'Nifty Bank'),
('NIFTYENERGY', 'Nifty Energy'),
('NIFTYAUTO', 'Nifty Auto'),
('NIFTYMETAL', 'Nifty Metal'),
('NIFTYCPSE', 'Nifty CPSE'),
('NIFTYFINANCIALSERVICES', 'Nifty Financial Services'),
('NIFTYCONSUMER', 'Nifty Consumer'),
('NIFTYPHARMA','Nifty pharmacy');


========================================================================================================


INSERT INTO stock (stock_symbol, stock_name, stock_price, opening_price, closing_price, stock_type, stock_gain_loss, date_time, index_symbol) VALUES
('TCS', 'Tata Consultancy Services Ltd.', 3325, 3300, 3350, 'Information Technology', 50, '2024-04-03 09:00:00', 'NIFTYIT'),
('INFY', 'Infosys Ltd.', 1510, 1500, 1530, 'Information Technology', 30, '2024-04-03 09:00:00', 'NIFTYIT'),
('WIPRO', 'Wipro Ltd.', 455, 450, 460, 'Information Technology', 10, '2024-04-03 09:00:00', 'NIFTYIT'),
('HDFCBANK', 'HDFC Bank Ltd.', 1610, 1600, 1620, 'Financial Services', 20, '2024-04-03 09:00:00', 'NIFTYBANK'),
('ICICIBANK', 'ICICI Bank Ltd.', 605, 600, 610, 'Financial Services', 10, '2024-04-03 09:00:00', 'NIFTYBANK'),
('RELIANCE', 'Reliance Industries Ltd.', 2410, 2400, 2420, 'Energy', 20, '2024-04-03 09:00:00', 'NIFTYENERGY'),
('ONGC', 'Oil and Natural Gas Corporation Ltd.', 122, 120, 125, 'Energy', 5, '2024-04-03 09:00:00', 'NIFTYENERGY'),
('SBI', 'State Bank of India', 303, 300, 305, 'Financial Services', 5, '2024-04-03 09:00:00', 'NIFTYBANK'),
('HINDUNILVR', 'Hindustan Unilever Ltd.', 2010, 2000, 2020, 'Consumer Goods', 20, '2024-04-03 09:00:00', 'NIFTYCONSUMER'),
('ITC', 'ITC Ltd.', 222, 220, 225, 'Consumer Goods', 5, '2024-04-03 09:00:00', 'NIFTYCONSUMER'),
('MARUTI', 'Maruti Suzuki India Ltd.', 7050, 7000, 7100, 'Automobile', 100, '2024-04-03 09:00:00', 'NIFTYAUTO'),
('HEROMOTOCO', 'Hero MotoCorp Ltd.', 3010, 3000, 3020, 'Automobile', 20, '2024-04-03 09:00:00', 'NIFTYAUTO'),
('TITAN', 'Titan Company Ltd.', 1205, 1200, 1210, 'Consumer Goods', 10, '2024-04-03 09:00:00', 'NIFTYCONSUMER'),
('IOC', 'Indian Oil Corporation Ltd.', 183, 180, 185, 'Energy', 5, '2024-04-03 09:00:00', 'NIFTYENERGY'),
('HCLTECH', 'HCL Technologies Ltd.', 1010, 1000, 1020, 'Information Technology', 20, '2024-04-03 09:00:00', 'NIFTYIT'),
('BHARTIRTL', 'Bharti Airtel Ltd.', 602, 600, 605, 'Telecommunication', 5, '2024-04-03 09:00:00', 'NIFTYCONSUMER'),
('COALINDIA', 'Coal India Ltd.', 153, 150, 155, 'Energy', 5, '2024-04-03 09:00:00', 'NIFTYENERGY'),
('JSWSTEEL', 'JSW Steel Ltd.', 503, 500, 505, 'Basic Materials', 5, '2024-04-03 09:00:00', 'NIFTYMETAL'),
('LT', 'Larsen & Toubro Ltd.', 1415, 1400, 1420, 'Construction', 20, '2024-04-03 09:00:00', 'NIFTYCPSE'),
('ADANIPORTS', 'Adani Ports and Special Economic Zone Ltd.', 405, 400, 410, 'Transportation', 10, '2024-04-03 09:00:00', 'NIFTYCPSE'),
('HDFC', 'Housing Development Finance Corporation Ltd.', 1810, 1800, 1820, 'Financial Services', 20, '2024-04-03 09:00:00', 'NIFTYFINANCIALSERVICES'),
('AXISBANK', 'Axis Bank Ltd.', 702, 700, 705, 'Financial Services', 5, '2024-04-03 09:00:00', 'NIFTYFINANCIALSERVICES'),
('POWERGRID', 'Power Grid Corporation of India Ltd.', 202, 200, 205, 'Utilities', 5, '2024-04-03 09:00:00', 'NIFTYENERGY'),
('BAJFINANCE', 'Bajaj Finance Ltd.', 5025, 5000, 5050, 'Financial Services', 50, '2024-04-03 09:00:00', 'NIFTYFINANCIALSERVICES'),
('ASIANPAINT', 'Asian Paints Ltd.', 3015, 3000, 3025, 'Consumer Goods', 25, '2024-04-03 09:00:00', 'NIFTYCONSUMER'),
('ULTRACEMCO', 'UltraTech Cement Ltd.', 4015, 4000, 4025, 'Basic Materials', 25, '2024-04-03 09:00:00', 'NIFTYMETAL'),
('NTPC', 'NTPC Ltd.', 103, 100, 105, 'Utilities', 5, '2024-04-03 09:00:00', 'NIFTYENERGY'),
('HINDZINC', 'Hindustan Zinc Ltd.', 303, 300, 305, 'Basic Materials', 5, '2024-04-03 09:00:00', 'NIFTYMETAL'),
('CIPLA', 'Cipla Ltd.', 805, 800, 805, 'Healthcare', 5, '2024-04-03 09:00:00', 'NIFTYPHARMA'),
('RECLTD', 'REC Ltd.', 155, 150, 155, 'Financial Services', 5, '2024-04-03 09:00:00', 'NIFTYCPSE'),
('PNB', 'Punjab National Bank', 52, 50, 52, 'Financial Services', 2, '2024-04-03 09:00:00', 'NIFTYFINANCIALSERVICES'),
('DRREDDY', 'Dr. Reddy''s Laboratories Ltd.', 2520, 2500, 2520, 'Healthcare', 20, '2024-04-03 09:00:00', 'NIFTYPHARMA'),
('BRITANNIA', 'Britannia Industries Ltd.', 3520, 3500, 3520, 'Consumer Goods', 20, '2024-04-03 09:00:00', 'NIFTYCONSUMER'),
('HDFCLIFE', 'HDFC Life Insurance Company Ltd.', 610, 600, 610, 'Financial Services', 10, '2024-04-03 09:00:00', 'NIFTYFINANCIALSERVICES'),
('SBIN', 'State Bank of India', 305, 300, 305, 'Financial Services', 5, '2024-04-03 09:00:00', 'NIFTYBANK'),
('BHARTIARTL', 'Bharti Airtel Ltd.', 605, 600, 605, 'Telecommunication', 5, '2024-04-03 09:00:00', 'NIFTYCONSUMER'),
('ADANIPORT', 'Adani Ports and Special Economic Zone Ltd.', 410, 400, 410, 'Transportation', 10, '2024-04-03 09:00:00', 'NIFTYCPSE');


=========================================================================================================


INSERT INTO news (news_id, news_title, news_date, author, news_source, stock_symbol) VALUES
(1, 'TCS reports record-breaking quarterly profits', '2024-04-03 10:15:00', 'Amit Sharma', 'Financial Times', 'TCS'),
(2, 'Infosys partners with Google for AI-driven solutions', '2024-04-03 11:30:00', 'Neha Patel', 'TechCrunch', 'INFY'),
(3, 'Wipro acquires European tech firm', '2024-04-03 12:45:00', 'Rajesh Kumar', 'Reuters', 'WIPRO'),
(4, 'HDFC Bank expands its digital banking services', '2024-04-03 13:00:00', 'Priya Singh', 'Bloomberg', 'HDFCBANK'),
(5, 'ICICI Bank introduces new credit card rewards program', '2024-04-03 14:20:00', 'Amit Kumar', 'CNBC', 'ICICIBANK'),
(6, 'Reliance Industries to invest in renewable energy projects', '2024-04-03 15:30:00', 'Neha Sharma', 'The Wall Street Journal', 'RELIANCE'),
(7, 'Oil prices surge, boosting ONGC shares', '2024-04-03 16:45:00', 'Rajesh Gupta', 'Financial Times', 'ONGC'),
(8, 'SBI reports strong quarterly earnings', '2024-04-03 17:00:00', 'Priya Shah', 'Bloomberg', 'SBI'),
(9, 'Hindustan Unilever launches new skincare product line', '2024-04-03 18:15:00', 'Amit Sharma', 'Forbes', 'HINDUNILVR'),
(10, 'ITC expands presence in rural markets', '2024-04-03 19:30:00', 'Neha Singh', 'CNBC', 'ITC'),
(11, 'Maruti Suzukis new model receives rave reviews', '2024-04-03 20:45:00', 'Rajesh Patel', 'TechCrunch', 'MARUTI'),
(12, 'Hero MotoCorp to invest in electric vehicle technology', '2024-04-03 21:00:00', 'Priya Gupta', 'Reuters', 'HEROMOTOCO'),
(13, 'Titan reports surge in jewelry sales', '2024-04-03 22:20:00', 'Amit Kumar', 'The Wall Street Journal', 'TITAN'),
(14, 'Indian Oil Corporation announces expansion plans', '2024-04-03 23:30:00', 'Neha Sharma', 'Financial Times', 'IOC'),
(15, 'HCL Technologies to hire 10,000 new employees', '2024-04-03 09:15:00', 'Rajesh Singh', 'Bloomberg', 'HCLTECH'),
(16, 'Bharti Airtel launches 5G network in major cities', '2024-04-03 10:30:00', 'Priya Gupta', 'TechCrunch', 'BHARTIARTL'),
(17, 'Coal India to invest in clean energy projects', '2024-04-03 11:45:00', 'Amit Sharma', 'Reuters', 'COALINDIA'),
(18, 'JSW Steel to expand production capacity', '2024-04-03 12:00:00', 'Neha Patel', 'CNBC', 'JSWSTEEL'),
(19, 'Larsen & Toubro wins major infrastructure contract', '2024-04-03 13:20:00', 'Rajesh Kumar', 'The Wall Street Journal', 'LT'),
(20, 'Adani Ports sees record cargo handling numbers', '2024-04-03 14:30:00', 'Priya Singh', 'Financial Times', 'ADANIPORTS'),
(21, 'HDFC announces new home loan interest rates', '2024-04-03 15:45:00', 'Neha Sharma', 'Bloomberg', 'HDFC'),
(22, 'Axis Bank partners with fintech startup for digital payments', '2024-04-03 16:00:00', 'Rajesh Gupta', 'TechCrunch', 'AXISBANK'),
(23, 'Power Grid Corporation to invest in smart grid technology', '2024-04-03 17:20:00', 'Priya Shah', 'CNBC', 'POWERGRID'),
(24, 'Bajaj Finance reports surge in consumer loan demand', '2024-04-03 18:30:00', 'Amit Kumar', 'Forbes', 'BAJFINANCE'),
(25, 'Asian Paints introduces eco-friendly paint range', '2024-04-03 19:45:00', 'Neha Patel', 'The Wall Street Journal', 'ASIANPAINT'),
(26, 'UltraTech Cement to expand production capacity', '2024-04-03 20:00:00', 'Rajesh Singh', 'Financial Times', 'ULTRACEMCO'),
(27, 'NTPC to invest in solar power projects', '2024-04-03 21:20:00', 'Priya Gupta', 'Reuters', 'NTPC'),
(28, 'Hindustan Zinc reports increase in metal prices', '2024-04-03 22:30:00', 'Amit Sharma', 'CNBC', 'HINDZINC'),
(29, 'Cipla receives FDA approval for new drug', '2024-04-03 23:45:00', 'Neha Shah', 'Bloomberg', 'CIPLA'),
(30, 'REC Ltd. announces dividend for shareholders', '2024-04-03 09:20:00', 'Rajesh Singh', 'Financial Times', 'RECLTD'),
(31, 'Punjab National Bank to merge with another PSU bank', '2024-04-03 10:30:00', 'Priya Shah', 'Reuters', 'PNB'),
(32, 'Dr. Reddy''s Laboratories to expand manufacturing facilities', '2024-04-03 11:45:00', 'Amit Kumar', 'CNBC', 'DRREDDY'),
(33, 'Britannia Industries launches new snack range', '2024-04-03 12:00:00', 'Neha Patel', 'The Wall Street Journal', 'BRITANNIA'),
(34, 'HDFC Life Insurance partners with e-commerce giant for distribution', '2024-04-03 13:20:00', 'Rajesh Gupta', 'Financial Times', 'HDFCLIFE'),
(35, 'State Bank of India to open new branches in rural areas', '2024-04-03 14:30:00', 'Priya Singh', 'Bloomberg', 'SBIN'),
(36, 'Bharti Airtel to invest in fiber optic network expansion', '2024-04-03 15:00:00', 'Neha Shah', 'TechCrunch', 'BHARTIARTL'),
(37, 'Coal India to expand coal production capacity', '2024-04-03 16:15:00', 'Rajesh Kumar', 'Reuters', 'COALINDIA'),
(38, 'JSW Steel reports record steel production', '2024-04-03 17:30:00', 'Amit Sharma', 'CNBC', 'JSWSTEEL'),
(39, 'Larsen & Toubro secures new metro rail project', '2024-04-03 18:45:00', 'Neha Patel', 'The Wall Street Journal', 'LT'),
(40, 'Adani Ports to develop new container terminal', '2024-04-03 19:00:00', 'Priya Singh', 'Financial Times', 'ADANIPORTS'),
(41, 'HDFC announces reduction in interest rates', '2024-04-03 20:15:00', 'Neha Sharma', 'Bloomberg', 'HDFC'),
(42, 'Axis Bank introduces new mobile banking app', '2024-04-03 21:30:00', 'Rajesh Gupta', 'TechCrunch', 'AXISBANK'),
(43, 'Power Grid Corporation completes transmission project ahead of schedule', '2024-04-03 22:45:00', 'Priya Shah', 'CNBC', 'POWERGRID'),
(44, 'Bajaj Finance launches digital lending platform', '2024-04-03 23:00:00', 'Amit Kumar', 'Forbes', 'BAJFINANCE'),
(45, 'Asian Paints introduces premium paint collection', '2024-04-03 09:15:00', 'Neha Patel', 'The Wall Street Journal', 'ASIANPAINT'),
(46, 'UltraTech Cement expands presence in international markets', '2024-04-03 10:30:00', 'Priya Singh', 'Financial Times', 'ULTRACEMCO'),
(47, 'NTPC to invest in wind energy projects', '2024-04-03 11:45:00', 'Amit Sharma', 'Reuters', 'NTPC'),
(48, 'Hindustan Zinc to modernize mining operations', '2024-04-03 12:00:00', 'Neha Patel', 'CNBC', 'HINDZINC'),
(49, 'Cipla receives regulatory approval for new drug', '2024-04-03 13:20:00', 'Rajesh Gupta', 'Bloomberg', 'CIPLA'),
(50, 'REC Ltd. announces bonus issue for shareholders', '2024-04-03 14:30:00', 'Amit Kumar', 'Financial Times', 'RECLTD');


=====================================================================================================


INSERT INTO portfolio (portfolio_id, portfolio_type, date_time, purchased_price, quantity_owned, user_id) VALUES
(1, 'stock', '2024-04-03 09:30:00', 3350, 10, 1), -- TCS
(2, 'stock', '2024-04-03 10:00:00', 1530, 20, 1), -- INFY
(3, 'stock', '2024-04-03 10:30:00', 460, 15, 1),  -- WIPRO
(4, 'stock', '2024-04-03 11:00:00', 1620, 5, 1),  -- HDFC Bank
(5, 'stock', '2024-04-03 11:30:00', 610, 30, 1),  -- ICICI Bank
(6, 'stock', '2024-04-03 12:00:00', 2420, 8, 2),  -- Reliance
(7, 'stock', '2024-04-03 12:30:00', 125, 50, 2),  -- ONGC
(8, 'stock', '2024-04-03 13:00:00', 305, 25, 2),  -- SBI
(9, 'stock', '2024-04-03 13:30:00', 2020, 15, 2), -- Hindustan Unilever
(10, 'stock', '2024-04-03 14:00:00', 225, 20, 2), -- ITC


(11, 'currency', '2024-04-03 14:30:00', 74.50, 500, 1),  -- USD
(12, 'currency', '2024-04-03 15:00:00', 98.25, 300, 1),  -- EUR
(13, 'currency', '2024-04-03 15:30:00', 65.30, 800, 1),  -- GBP
(14, 'currency', '2024-04-03 16:00:00', 1.25, 1000, 1),  -- CAD
(15, 'currency', '2024-04-03 16:30:00', 1.20, 1200, 1),  -- AUD
(16, 'currency', '2024-04-03 17:00:00', 0.80, 1500, 2),  -- JPY
(17, 'currency', '2024-04-03 17:30:00', 0.70, 2000, 2),  -- CNY
(18, 'currency', '2024-04-03 18:00:00', 0.65, 1800, 2),  -- CHF
(19, 'currency', '2024-04-03 18:30:00', 0.85, 2500, 2),  -- SGD
(20, 'currency', '2024-04-03 19:00:00', 0.95, 2100, 2),  -- NZD


(21, 'commodity', '2024-04-03 19:30:00', 47427, 1, 1),  -- Gold
(22, 'commodity', '2024-04-03 20:00:00', 614, 5, 1),    -- Silver
(23, 'commodity', '2024-04-03 20:30:00', 5640, 2, 1),   -- Crude Oil
(24, 'commodity', '2024-04-03 21:00:00', 281, 10, 1),   -- Natural Gas
(25, 'commodity', '2024-04-03 21:30:00', 749, 4, 1),    -- Copper
(26, 'commodity', '2024-04-03 22:00:00', 1535, 3, 2),   -- Nickel
(27, 'commodity', '2024-04-03 22:30:00', 212, 8, 2),    -- Aluminium
(28, 'commodity', '2024-04-03 23:00:00', 208, 7, 2),    -- Lead
(29, 'commodity', '2024-04-03 23:30:00', 341, 6, 2),    -- Zinc
(30, 'commodity', '2024-04-03 23:59:59', 32732, 1, 2);  -- Platinum




=========================================================================================================


INSERT INTO favourite (user_id, stock_symbol, status) VALUES
('001', 'TCS', 'FALSE'),
('001', 'INFY', 'FALSE'),
('001', 'WIPRO', 'FALSE'),
('001', 'HDFCBANK', 'FALSE'),
('001', 'ICICIBANK', 'FALSE'),
('001', 'RELIANCE', 'FALSE'),
('001', 'ONGC', 'FALSE'),
('001', 'SBI', 'FALSE'),
('001', 'HINDUNILVR', 'FALSE'),
('001', 'ITC', 'FALSE'),
('001', 'MARUTI', 'FALSE'),
('001', 'HEROMOTOCO', 'FALSE'),
('001', 'TITAN', 'FALSE'),
('001', 'IOC', 'FALSE'),
('001', 'HCLTECH', 'FALSE'),
('001', 'BHARTIARTL', 'FALSE'),
('001', 'COALINDIA', 'FALSE'),
('001', 'JSWSTEEL', 'FALSE'),
('001', 'LT', 'FALSE'),
('001', 'ADANIPORTS', 'FALSE'),
('001', 'HDFC', 'FALSE'),
('001', 'AXISBANK', 'FALSE'),
('001', 'POWERGRID', 'FALSE'),
('001', 'BAJFINANCE', 'FALSE'),
('001', 'ASIANPAINT', 'FALSE'),
('001', 'ULTRACEMCO', 'FALSE'),
('001', 'NTPC', 'FALSE'),
('001', 'HINDZINC', 'FALSE'),
('001', 'CIPLA', 'FALSE'),
('001', 'RECLTD', 'FALSE'),
('001', 'PNB', 'FALSE'),
('001', 'DRREDDY', 'FALSE'),
('001', 'BRITANNIA', 'FALSE'),
('001', 'HDFCLIFE', 'FALSE'),
('001', 'SBIN', 'FALSE'),
('001', 'BHARTIARTL', 'FALSE'),
('001', 'ADANIPORTS', 'FALSE'),
('002', 'TCS', 'FALSE'),
('002', 'INFY', 'FALSE'),
('002', 'WIPRO', 'FALSE'),
('002', 'HDFCBANK', 'FALSE'),
('002', 'ICICIBANK', 'FALSE'),
('002', 'RELIANCE', 'FALSE'),
('002', 'ONGC', 'FALSE'),
('002', 'SBI', 'FALSE'),
('002', 'HINDUNILVR', 'FALSE'),
('002', 'ITC', 'FALSE'),
('002', 'MARUTI', 'FALSE'),
('002', 'HEROMOTOCO', 'FALSE'),
('002', 'TITAN', 'FALSE'),
('002', 'IOC', 'FALSE'),
('002', 'HCLTECH', 'FALSE'),
('002', 'BHARTIARTL', 'FALSE'),
('002', 'COALINDIA', 'FALSE'),
('002', 'JSWSTEEL', 'FALSE'),
('002', 'LT', 'FALSE'),
('002', 'ADANIPORTS', 'FALSE'),
('002', 'HDFC', 'FALSE'),
('002', 'AXISBANK', 'FALSE'),
('002', 'POWERGRID', 'FALSE'),
('002', 'BAJFINANCE', 'FALSE'),
('002', 'ASIANPAINT', 'FALSE'),
('002', 'ULTRACEMCO', 'FALSE'),
('002', 'NTPC', 'FALSE'),
('002', 'HINDZINC', 'FALSE'),
('002', 'CIPLA', 'FALSE'),
('002', 'RECLTD', 'FALSE'),
('002', 'PNB', 'FALSE'),
('002', 'DRREDDY', 'FALSE'),
('002', 'BRITANNIA', 'FALSE'),
('002', 'HDFCLIFE', 'FALSE'),
('002', 'SBIN', 'FALSE'),
('002', 'BHARTIARTL', 'FALSE'),
('002', 'ADANIPORTS', 'FALSE');


=======================================================================================




INSERT INTO currency VALUES 
('USD', 'Dollar', 83, '2024-04-16 08:00:00'),
('EUR', 'Euro', 89, '2024-04-16 08:00:00'),
('GBP', 'British Pound', 105, '2024-04-16 08:00:00'),
('KWD', 'Kuwaiti Dinar', 270, '2024-04-16 08:00:00'),
('AED', 'Dirham', 22, '2024-04-16 08:00:00'),
('CHF', 'Swiss Franc', 96, '2024-04-16 08:00:00'),
('KYD', 'Cayman Island Dollar', 99, '2024-04-16 08:00:00'),
('JPY', 'Japanese Yen', 1, '2024-04-16 08:00:00'),
('AU$', 'Australian Dollar', 54, '2024-04-16 08:00:00'),
('HK$', 'Hong Kong Dollar', 10, '2024-04-16 08:00:00'),
('CAD', 'Canadian Dollar', 66, '2024-04-16 08:00:00'),
('INR', 'Indian Rupee', 1, '2024-04-16 08:00:00'),
('SGD', 'Singapore Dollar', 62, '2024-04-16 08:00:00'),
('ZAR', 'South African Rand', 5, '2024-04-16 08:00:00'),
('NZD', 'New Zealand Dollar', 58, '2024-04-16 08:00:00'),
('BRL', 'Brazilian Real', 16, '2024-04-16 08:00:00'),
('CNY', 'Chinese Yuan', 13, '2024-04-16 08:00:00'),
('SEK', 'Swedish Krona', 9, '2024-04-16 08:00:00'),
('NOK', 'Norwegian Krone', 8, '2024-04-16 08:00:00'),
('MXN', 'Mexican Peso', 4, '2024-04-16 08:00:00'),
('RUB', 'Russian Ruble', 1, '2024-04-16 08:00:00'),
('THB', 'Thai Baht', 3, '2024-04-16 08:00:00'),
('TRY', 'Turkish Lira', 9, '2024-04-16 08:00:00'),
('DKK', 'Danish Krone', 13, '2024-04-16 08:00:00'),
('ARS', 'Argentine Peso', 1, '2024-04-16 08:00:00'),
('EGP', 'Egyptian Pound', 5, '2024-04-16 08:00:00'),
('TWD', 'Taiwan Dollar', 3, '2024-04-16 08:00:00'),
('PHP', 'Philippine Peso', 1, '2024-04-16 08:00:00'),
('MYR', 'Malaysian Ringgit', 20, '2024-04-16 08:00:00');




===================================================================================


INSERT INTO commodity (commodity_name, commodity_type, last_traded_price, date_time) VALUES
('Gold', 'Precious Metal', 47427, '2024-04-03 09:00:00'),
('Silver', 'Precious Metal', 614, '2024-04-03 09:00:00'),
('Crude Oil', 'Energy', 5640, '2024-04-03 09:00:00'),
('Natural Gas', 'Energy', 281, '2024-04-03 09:00:00'),
('Copper', 'Base Metal', 749, '2024-04-03 09:00:00'),
('Nickel', 'Base Metal', 1535, '2024-04-03 09:00:00'),
('Aluminium', 'Base Metal', 212, '2024-04-03 09:00:00'),
('Lead', 'Base Metal', 208, '2024-04-03 09:00:00'),
('Zinc', 'Base Metal', 341, '2024-04-03 09:00:00'),
('Platinum', 'Precious Metal', 32732, '2024-04-03 09:00:00'),
('Palladium', 'Precious Metal', 75610, '2024-04-03 09:00:00'),
('Cotton', 'Agricultural', 34220, '2024-04-03 09:00:00'),
('Soybean', 'Agricultural', 5435, '2024-04-03 09:00:00'),
('Wheat', 'Agricultural', 2005, '2024-04-03 09:00:00'),
('Rice', 'Agricultural', 1894, '2024-04-03 09:00:00'),
('Sugar', 'Agricultural', 3766, '2024-04-03 09:00:00'),
('Coffee', 'Agricultural', 24740, '2024-04-03 09:00:00'),
('Cocoa', 'Agricultural', 1749, '2024-04-03 09:00:00'),
('Corn', 'Agricultural', 1862, '2024-04-03 09:00:00'),
('Crude Palm Oil', 'Agricultural', 1093, '2024-04-03 09:00:00'),
('Silver Mini', 'Precious Metal', 614, '2024-04-03 09:00:00'),
('Gold Mini', 'Precious Metal', 47427, '2024-04-03 09:00:00'),
('SilverM', 'Precious Metal', 614, '2024-04-03 09:00:00'),
('GoldM', 'Precious Metal', 47427, '2024-04-03 09:00:00'),
('Mentha Oil', 'Agricultural', 994, '2024-04-03 09:00:00'),
('Crude Oil Mini', 'Energy', 5640, '2024-04-03 09:00:00'),
('Copper Mini', 'Base Metal', 749, '2024-04-03 09:00:00'),
('Lead Mini', 'Base Metal', 208, '2024-04-03 09:00:00'),
('Zinc Mini', 'Base Metal', 341, '2024-04-03 09:00:00'),
('Aluminium Mini', 'Base Metal', 212, '2024-04-03 09:00:00');
select * from commodity 
========================================================================================


insert into contains_stock values
(1,'TCS'),
(2,'INFY'),
(3, 'WIPRO'),
(4, 'HDFCBANK'),
(5, 'ICICIBANK'),
(6, 'RELIANCE'),
(7,'ONGC'),
(8, 'SBI'),
(9,'HINDUNILVR'),
(10, 'ITC');


======================================================================================


insert into contains_currency values
(11, 'USD'),
(12, 'EUR'),
(13, 'GBP'),
(14, 'CAD'),
(15, 'NOK'),
(16, 'JPY'),
(17, 'CNY'),
(18, 'CHF'),
(19, 'SGD'),
(20, 'NZD');


========================================================================================


insert into contains_commodity values
(21, 'Gold'),
(22, 'Silver'),
(23, 'Crude Oil'),
(24, 'Natural Gas'),
(25, 'Copper'),
(26, 'Nickel'),
(27, 'Aluminium'),
(28, 'Lead'),
(29,'Zinc'),
(30,'Platinum');
